vehicleId 	 tourDuration[s] 	 travelDistance[m] 	 costPerSecond[EUR/s] 	 costPerMeter[EUR/m] 	 fixedCosts[EUR] 	 + varCostsTime[EUR] 	 varCostsDist[EUR] 	 totalCosts[EUR]
freight_Liefer-Startup_veh_bayk6_4	35537.0	73601.31820828092	0.004677777777777778	2.0E-4	223.25	166.2341888888889	14.720263641656185	404.20445253054504
freight_Liefer-Startup_veh_bayk4_2	49451.0	118627.56919294626	0.004677777777777778	2.0E-4	223.25	231.3207888888889	23.725513838589254	478.2963027274782
freight_Liefer-Startup_veh_bayk3_1	49512.0	154034.76794297775	0.004677777777777778	2.0E-4	223.25	231.60613333333336	30.80695358859555	485.6630869219289
freight_Liefer-Startup_veh_bayk5_3	51291.0	140365.8459418726	0.004677777777777778	2.0E-4	223.25	239.92790000000002	28.07316918837452	491.2510691883746
freight_Liefer-Startup_veh_bayk2_0	52457.0	196284.0155821326	0.004677777777777778	2.0E-4	223.25	245.38218888888892	39.25680311642652	507.8889920053154
