vehicleId 	 tourDuration[s] 	 travelDistance[m] 	 costPerSecond[EUR/s] 	 costPerMeter[EUR/m] 	 fixedCosts[EUR] 	 + varCostsTime[EUR] 	 varCostsDist[EUR] 	 totalCosts[EUR]
freight_Liefer-Startup_veh_bayk1_5	44022.0	48620.328967614434	0.005555555555555556	1.5	100.0	244.56666666666666	72930.49345142164	73275.06011808831
freight_Liefer-Startup_veh_bayk6_4	36632.0	73336.61233546751	0.005555555555555556	1.5	100.0	203.51111111111112	110004.91850320126	110308.42961431238
freight_Liefer-Startup_veh_bayk5_3	48391.0	85630.97742585567	0.005555555555555556	1.5	100.0	268.8388888888889	128446.46613878351	128815.3050276724
freight_Liefer-Startup_veh_bayk2_0	45881.0	83151.43937926978	0.005555555555555556	1.5	100.0	254.89444444444445	124727.15906890467	125082.05351334912
freight_Liefer-Startup_veh_bayk3_1	52073.0	169979.1697922473	0.005555555555555556	1.5	100.0	289.2944444444445	254968.75468837094	255358.0491328154
freight_Liefer-Startup_veh_bayk4_2	51536.0	112856.82519981681	0.005555555555555556	1.5	100.0	286.31111111111113	169285.2377997252	169671.5489108363
