vehicleId 	 tourDuration[s] 	 travelDistance[m] 	 costPerSecond[EUR/s] 	 costPerMeter[EUR/m] 	 fixedCosts[EUR] 	 + varCostsTime[EUR] 	 varCostsDist[EUR] 	 totalCosts[EUR]
freight_Liefer-Startup_veh_bayk2_0	47168.0	67469.28250878805	0.005555555555555556	1.5	100.0	262.0444444444445	101203.92376318207	101565.96820762652
freight_Liefer-Startup_veh_bayk3_1	43948.0	63253.24893294064	0.005555555555555556	1.5	100.0	244.15555555555557	94879.87339941095	95224.0289549665
freight_Liefer-Startup_veh_bayk4_2	47436.0	125149.0365076349	0.005555555555555556	1.5	100.0	263.53333333333336	187723.55476145234	188087.08809478566
freight_Liefer-Startup_veh_bayk5_3	52907.0	128986.4311931313	0.005555555555555556	1.5	100.0	293.9277777777778	193479.64678969694	193873.57456747472
freight_Liefer-Startup_veh_bayk1_5	48937.0	113069.84368311087	0.005555555555555556	1.5	100.0	271.8722222222222	169604.7655246663	169976.6377468885
freight_Liefer-Startup_veh_bayk6_4	51092.0	91764.99550126231	0.005555555555555556	1.5	100.0	283.84444444444443	137647.49325189347	138031.3376963379
