vehicleId 	 tourDuration[s] 	 travelDistance[m] 	 costPerSecond[EUR/s] 	 costPerMeter[EUR/m] 	 fixedCosts[EUR] 	 + varCostsTime[EUR] 	 varCostsDist[EUR] 	 totalCosts[EUR]
freight_Liefer-Startup_veh_bayk4_2	10195.0	22823.8565097257	0.005555555555555556	1.5	100.0	56.63888888888889	34235.78476458855	34392.42365347744
freight_Liefer-Startup_veh_bayk2_0	58544.0	165272.8432927312	0.005555555555555556	1.5	100.0	325.24444444444447	247909.2649390968	248334.50938354127
freight_Liefer-Startup_veh_bayk3_1	52914.0	123478.78665883414	0.005555555555555556	1.5	100.0	293.9666666666667	185218.1799882512	185612.1466549179
