vehicleId 	 tourDuration[s] 	 travelDistance[m] 	 costPerSecond[EUR/s] 	 costPerMeter[EUR/m] 	 fixedCosts[EUR] 	 + varCostsTime[EUR] 	 varCostsDist[EUR] 	 totalCosts[EUR]
freight_Liefer-Startup_veh_bayk1_1	13650.0	30394.144447200477	0.005555555555555556	1.5	100.0	75.83333333333334	45591.21667080071	45767.05000413405
freight_Liefer-Startup_veh_bayk2_0	57225.0	178380.12020676353	0.005555555555555556	1.5	100.0	317.9166666666667	267570.1803101453	267988.096976812
