vehicleId 	 tourDuration[s] 	 travelDistance[m] 	 costPerSecond[EUR/s] 	 costPerMeter[EUR/m] 	 fixedCosts[EUR] 	 + varCostsTime[EUR] 	 varCostsDist[EUR] 	 totalCosts[EUR]
freight_Liefer-Startup_veh_bayk4_2	5239.0	14078.12097327596	0.004677777777777778	2.0E-4	223.25	24.50687777777778	2.815624194655192	250.57250197243297
freight_Liefer-Startup_veh_bayk3_1	58447.0	151978.55079654077	0.004677777777777778	2.0E-4	223.25	273.4020777777778	30.395710159308155	527.0477879370859
freight_Liefer-Startup_veh_bayk2_0	58606.0	173607.39625953592	0.004677777777777778	2.0E-4	223.25	274.14584444444444	34.72147925190718	532.1173236963516
