vehicleId 	 tourDuration[s] 	 travelDistance[m] 	 costPerSecond[EUR/s] 	 costPerMeter[EUR/m] 	 fixedCosts[EUR] 	 + varCostsTime[EUR] 	 varCostsDist[EUR] 	 totalCosts[EUR]
freight_Liefer-Startup_veh_bayk1_4	23098.0	15033.137279376777	0.005555555555555556	1.5	100.0	128.32222222222222	22549.705919065163	22778.028141287385
freight_Liefer-Startup_veh_bayk4_2	51474.0	96687.64507800507	0.005555555555555556	1.5	100.0	285.9666666666667	145031.4676170076	145417.4342836743
freight_Liefer-Startup_veh_bayk5_3	49519.0	91099.66430352652	0.005555555555555556	1.5	100.0	275.10555555555555	136649.49645528977	137024.60201084532
freight_Liefer-Startup_veh_bayk3_1	52335.0	155824.20584994386	0.005555555555555556	1.5	100.0	290.75	233736.3087749158	234127.0587749158
freight_Liefer-Startup_veh_bayk2_0	49546.0	122439.62417373806	0.005555555555555556	1.5	100.0	275.2555555555556	183659.4362606071	184034.69181616264
